Title,Link
Savage Love,https://www.youtube.com/watch?v=sQR2-Q-k_9Y
Wrap Me In Plastic (Lyrics),https://www.youtube.com/watch?v=BNB5cKDTJJI
Take You Dancing (Jason Derulo),https://www.youtube.com/watch?v=s0-f5RncxcA
Death Bed (Besomorph & Anthony Keyrouz ft. Lunis),https://www.youtube.com/watch?v=zOKCVpQR6fw
Cannibal,https://www.youtube.com/watch?v=H1Qxqn5ovhE
Play Date,https://www.youtube.com/watch?v=xhaI-lLiUFA
Falling,https://www.youtube.com/watch?v=eIc4mqyN1Q8
Don't Start Now (Dua Lipa),https://www.youtube.com/watch?v=oygrmJFKYZY
Dance Monkey,https://www.youtube.com/watch?v=q0hyYWKXF0Q
Lalala (Lyrics),https://www.youtube.com/watch?v=EWdIElQUI_4
Cradles (Besomorph),https://www.youtube.com/watch?v=ZYU-RdN34SM
